Date,Open,High,Low,Close,Adj Close,Volume,MA,Constraint_0,RSI,Constraint_1
2020-07-23,445.0400085449219,448.80999755859375,430.29998779296875,431.739990234375,431.739990234375,2313900.0,,False,,False
2020-07-24,425.0,435.0,423.44000244140625,430.30999755859375,430.30999755859375,1900800.0,,False,,False
2020-07-27,431.7699890136719,438.3599853515625,431.010009765625,437.1000061035156,437.1000061035156,1622000.0,,False,,False
2020-07-28,436.8299865722656,438.260009765625,431.3299865722656,432.260009765625,432.260009765625,1463400.0,,False,,False
2020-07-29,435.1600036621094,440.4800109863281,435.0400085449219,436.29998779296875,436.29998779296875,1489300.0,,False,,False
2020-07-30,429.9800109863281,440.5,426.80999755859375,438.8800048828125,438.8800048828125,1449000.0,,False,,False
2020-07-31,441.9800109863281,444.44000244140625,434.79998779296875,444.32000732421875,444.32000732421875,2034000.0,,False,,False
2020-08-03,449.8399963378906,450.739990234375,442.2799987792969,447.9700012207031,447.9700012207031,2075200.0,,False,,False
2020-08-04,448.260009765625,449.0799865722656,440.70001220703125,446.9200134277344,446.9200134277344,2622600.0,,False,,False
2020-08-05,449.0899963378906,454.0400085449219,446.3500061035156,449.510009765625,449.510009765625,2353100.0,,False,,False
2020-08-06,451.3500061035156,464.3699951171875,449.1300048828125,464.1099853515625,464.1099853515625,2362000.0,,False,,False
2020-08-07,460.8699951171875,461.7900085449219,445.0899963378906,449.57000732421875,449.57000732421875,3289700.0,,False,,False
2020-08-10,450.3699951171875,451.1300048828125,436.5,443.2900085449219,443.2900085449219,1836800.0,,False,,False
2020-08-11,440.260009765625,444.4800109863281,431.5899963378906,435.2300109863281,435.2300109863281,1900200.0,,False,,False
2020-08-12,437.3699951171875,447.92999267578125,437.3699951171875,445.3599853515625,445.3599853515625,2223700.0,,False,,False
2020-08-13,446.07000732421875,455.8999938964844,446.07000732421875,450.0199890136719,450.0199890136719,2028000.0,,False,52.71294325673519,False
2020-08-14,451.3900146484375,452.80999755859375,444.42999267578125,447.6000061035156,447.6000061035156,1111000.0,,False,50.78689493648562,False
2020-08-17,450.0,456.1000061035156,449.20001220703125,451.5799865722656,451.5799865722656,1555700.0,,False,53.77813133504548,False
2020-08-18,454.7900085449219,464.5,452.8399963378906,463.510009765625,463.510009765625,2097700.0,,False,61.359647709477926,False
2020-08-19,464.2900085449219,468.1099853515625,457.5899963378906,462.010009765625,462.010009765625,2439200.0,445.37950134277344,True,60.02647602660054,False
2020-08-20,460.989990234375,479.79998779296875,458.8900146484375,478.4800109863281,478.4800109863281,2485000.0,447.7165023803711,True,68.19712661876146,False
2020-08-21,477.0899963378906,477.2799987792969,470.3399963378906,473.2200012207031,473.2200012207031,2645600.0,449.86200256347655,True,63.71770511411505,False
2020-08-24,478.1400146484375,480.0199890136719,469.5199890136719,476.29998779296875,476.29998779296875,1840500.0,451.8220016479492,True,65.16072373251026,False
2020-08-25,476.6700134277344,484.6499938964844,474.42999267578125,484.42999267578125,484.42999267578125,3967400.0,454.43050079345704,True,68.69951479911373,False
2020-08-26,496.95001220703125,533.7000122070312,492.2300109863281,528.489990234375,528.489990234375,7780300.0,459.04000091552734,True,80.34903477528333,False
2020-08-27,519.010009765625,523.3200073242188,504.4599914550781,510.32000732421875,510.32000732421875,3631800.0,462.6120010375977,True,68.95184937459628,False
2020-08-28,512.3300170898438,518.7999877929688,510.94000244140625,516.4400024414062,516.4400024414062,1926300.0,466.218000793457,True,70.47115334840359,False
2020-08-31,513.8599853515625,516.72998046875,507.7699890136719,513.3900146484375,513.3900146484375,2346700.0,469.48900146484374,True,68.66774760615135,False
2020-09-01,515.0,528.5399780273438,514.47998046875,527.9500122070312,527.9500122070312,2404000.0,473.5405014038086,True,72.31061426299797,False
2020-09-02,536.25,536.8800048828125,521.4099731445312,533.7999877929688,533.7999877929688,2783400.0,477.75500030517577,True,73.6368664785483,False
2020-09-03,526.0399780273438,527.6300048828125,493.4200134277344,507.79998779296875,507.79998779296875,5837600.0,479.9395004272461,True,59.90370664469606,False
2020-09-04,504.6499938964844,511.3500061035156,471.7099914550781,491.94000244140625,491.94000244140625,3900300.0,482.0580001831055,True,53.365617582700274,False
2020-09-08,471.8900146484375,481.4800109863281,461.17999267578125,462.1300048828125,462.1300048828125,4533100.0,483.0,False,43.7092401031994,False
2020-09-09,473.9100036621094,483.489990234375,462.4800109863281,479.4599914550781,479.4599914550781,3312100.0,485.2114990234375,False,49.437256995668285,False
2020-09-10,491.1499938964844,501.8500061035156,473.5,476.260009765625,476.260009765625,4248100.0,486.7565002441406,False,48.456739565920934,False
2020-09-11,487.0799865722656,489.4100036621094,464.4800109863281,471.3500061035156,471.3500061035156,4414200.0,487.8230010986328,False,46.91904828306588,False
2020-09-14,484.989990234375,490.44000244140625,476.8699951171875,485.9100036621094,485.9100036621094,4463800.0,489.7385009765625,False,51.80328364412168,False
2020-09-15,493.739990234375,499.69000244140625,491.489990234375,497.6700134277344,497.6700134277344,5682400.0,492.0430023193359,True,55.37492547349219,False
2020-09-16,505.5,505.5,475.5,476.0,476.0,8462600.0,492.66750183105466,False,48.27563955721738,False
2020-09-17,464.44000244140625,475.1700134277344,460.5,474.29998779296875,474.29998779296875,4560800.0,493.28200073242186,False,47.75835629448504,False
2020-09-18,477.3999938964844,478.3399963378906,452.5199890136719,467.54998779296875,467.54998779296875,7182300.0,492.7354995727539,False,45.6660269983602,False
2020-09-21,460.30999755859375,475.8599853515625,456.7300109863281,475.6400146484375,475.6400146484375,3913700.0,492.85650024414065,False,48.574024804714725,False
2020-09-22,479.30999755859375,487.20001220703125,469.55999755859375,486.7799987792969,486.7799987792969,2629100.0,493.38050079345703,False,52.355446935386546,False
2020-09-23,486.8800048828125,488.0,468.2300109863281,470.3900146484375,470.3900146484375,2671300.0,492.67850189208986,False,46.89218819608146,False
2020-09-24,466.92999267578125,471.42999267578125,460.2699890136719,467.6700134277344,467.6700134277344,2838800.0,489.6375030517578,False,46.033686994286754,False
2020-09-25,469.2300109863281,481.5799865722656,466.010009765625,479.7799987792969,479.7799987792969,2541100.0,488.1105026245117,False,50.388614834120695,False
2020-09-28,487.9700012207031,489.3900146484375,481.17999267578125,488.510009765625,488.510009765625,2844800.0,486.71400299072263,True,53.31347824963874,False
2020-09-29,489.94000244140625,493.45001220703125,484.1700134277344,489.3299865722656,489.3299865722656,2030400.0,485.51100158691406,True,53.59023933668251,False
2020-09-30,488.1300048828125,497.239990234375,486.2200012207031,490.42999267578125,490.42999267578125,3508200.0,483.63500061035154,True,53.984331189826825,False
2020-10-01,497.42999267578125,501.5,495.760009765625,499.510009765625,499.510009765625,2264600.0,481.9205017089844,True,57.214055871184556,False
2020-10-02,487.989990234375,496.7799987792969,478.6400146484375,478.989990234375,478.989990234375,2780900.0,480.48000183105466,False,48.86670601241958,False
2020-10-05,483.25,486.69000244140625,478.989990234375,486.4700012207031,486.4700012207031,1984100.0,480.20650177001954,True,51.63665252411288,False
2020-10-06,485.0,491.510009765625,477.5,478.9800109863281,478.9800109863281,2041500.0,481.0490020751953,False,48.78673020264765,False
2020-10-07,484.3500061035156,493.9800109863281,481.42999267578125,493.1499938964844,493.1499938964844,2025800.0,481.73350219726564,True,53.96340513200589,False
2020-10-08,499.04998779296875,499.489990234375,487.55999755859375,490.8399963378906,490.8399963378906,1590700.0,482.4625015258789,True,53.02247949901452,False
2020-10-09,491.7699890136719,502.1700134277344,491.17999267578125,502.1600036621094,502.1600036621094,1853800.0,484.0030014038086,True,56.98102701288956,False
2020-10-12,508.260009765625,516.0,499.5400085449219,510.8900146484375,510.8900146484375,3149700.0,485.252001953125,True,59.7947497906321,False
2020-10-13,512.1900024414062,519.5999755859375,511.8999938964844,514.3099975585938,514.3099975585938,2438100.0,486.084001159668,True,60.87438314910191,False
2020-10-14,514.3400268554688,516.9500122070312,501.6000061035156,506.30999755859375,506.30999755859375,2032900.0,487.59950103759763,True,57.01736732317313,False
2020-10-15,499.260009765625,502.5,491.8500061035156,501.1499938964844,501.1499938964844,2042800.0,488.94200134277344,True,54.61375940320979,False
2020-10-16,504.0,510.3399963378906,500.70001220703125,502.82000732421875,502.82000732421875,2441200.0,490.70550231933595,True,55.27096407197799,False
2020-10-19,507.75,507.75,493.20001220703125,495.20001220703125,495.20001220703125,1931400.0,491.6835021972656,True,51.59948379763951,False
2020-10-20,495.25,500.1700134277344,491.9100036621094,494.5799865722656,494.5799865722656,1453900.0,492.07350158691406,True,51.30087091953587,False
2020-10-21,492.04998779296875,499.80999755859375,490.57000732421875,495.9599914550781,495.9599914550781,1369700.0,493.3520004272461,True,51.96715153661478,False
2020-10-22,496.7200012207031,496.8599853515625,479.3999938964844,483.6000061035156,483.6000061035156,2613700.0,494.1485000610352,False,45.908806501577565,False
2020-10-23,486.4100036621094,488.510009765625,479.510009765625,488.5,488.5,1899300.0,494.5845001220703,False,48.47340172607503,False
2020-10-26,480.8800048828125,488.7799987792969,470.1300048828125,475.20001220703125,475.20001220703125,2337400.0,493.91900024414065,False,42.57317510309878,False
2020-10-27,479.7799987792969,481.8900146484375,473.4700012207031,478.55999755859375,478.55999755859375,1896500.0,493.38050079345703,False,44.4139547187185,False
2020-10-28,469.1700134277344,470.9700012207031,455.8800048828125,456.9700012207031,456.9700012207031,2677300.0,491.70750122070314,False,36.35086322359915,False
2020-10-29,459.32000732421875,464.7300109863281,457.2799987792969,461.1099853515625,461.1099853515625,2125300.0,489.7875,False,38.65083031909324,False
2020-10-30,458.32000732421875,459.5,442.510009765625,447.1000061035156,447.1000061035156,3127000.0,488.19300079345703,False,34.15319771965855,True
2020-11-02,451.0,456.19000244140625,438.94000244140625,444.94000244140625,444.94000244140625,2479000.0,486.1165008544922,False,33.50583560443697,True
2020-11-03,448.989990234375,457.8399963378906,445.6700134277344,454.0199890136719,454.0199890136719,1758600.0,484.8684997558594,False,38.760700161162966,False
2020-11-04,477.92999267578125,494.94000244140625,474.4700012207031,487.2300109863281,487.2300109863281,4524300.0,484.57250061035154,True,53.29795827116453,False
2020-11-05,499.2699890136719,502.5299987792969,489.79998779296875,496.4700012207031,496.4700012207031,2401000.0,484.8540008544922,True,56.399187708737415,False
2020-11-06,494.95001220703125,498.7200012207031,483.0,494.6300048828125,494.6300048828125,1956300.0,484.47750091552734,True,55.60730653246516,False
2020-11-09,494.70001220703125,499.4100036621094,470.760009765625,471.1400146484375,471.1400146484375,3625300.0,482.49000091552733,False,46.60992502707063,False
2020-11-10,466.7200012207031,468.010009765625,446.0,452.0,452.0,4920300.0,479.37450103759767,False,40.81499569497899,False
2020-11-11,458.489990234375,470.1199951171875,457.5,467.75,467.75,2634200.0,477.44650115966795,False,46.688698892165824,False
2020-11-12,473.489990234375,474.92999267578125,461.1499938964844,462.5799865722656,462.5799865722656,2115000.0,475.518000793457,False,45.10623894553605,False
2020-11-13,467.45001220703125,470.6000061035156,459.0,469.3399963378906,469.3399963378906,2965600.0,473.8440002441406,False,47.60679314407223,False
2020-11-16,460.42999267578125,469.5299987792969,458.25,460.95001220703125,460.95001220703125,2522200.0,472.1315002441406,False,44.874594205005096,False
2020-11-17,461.6600036621094,469.9100036621094,460.0,467.95001220703125,467.95001220703125,2407600.0,470.8000015258789,False,47.577806557022136,False
2020-11-18,466.7099914550781,467.8999938964844,459.260009765625,459.4700012207031,459.4700012207031,2063200.0,468.97550201416016,False,44.717027308104214,False
2020-11-19,460.0,471.0400085449219,459.260009765625,466.4100036621094,466.4100036621094,3132700.0,468.11600189208986,False,47.49925877019563,False
2020-11-20,465.1600036621094,470.0,462.3599853515625,462.9200134277344,462.9200134277344,1849900.0,466.8370025634766,False,46.239000435023826,False
2020-11-23,464.6300048828125,467.0,456.1700134277344,460.6099853515625,460.6099853515625,2370000.0,466.1075012207031,False,45.380734264779925,False
2020-11-24,461.4100036621094,464.489990234375,456.67999267578125,462.70001220703125,462.70001220703125,2584900.0,465.314501953125,False,46.35100830715268,False
2020-11-25,466.2900085449219,472.5299987792969,464.8500061035156,470.0799865722656,470.0799865722656,2634500.0,465.9700012207031,True,49.74576674707329,False
2020-11-27,476.8999938964844,482.4100036621094,474.8599853515625,477.0299987792969,477.0299987792969,1815500.0,466.76600189208983,True,52.77632405021909,False
2020-11-30,480.0,480.8599853515625,469.20001220703125,478.4700012207031,478.4700012207031,2787000.0,468.3345016479492,True,53.403323465184506,False
2020-12-01,482.010009765625,482.010009765625,471.6300048828125,479.1499938964844,479.1499938964844,2531100.0,470.0450012207031,True,53.715834583126345,False
2020-12-02,475.6700134277344,481.32000732421875,470.1199951171875,481.260009765625,481.260009765625,2107100.0,471.4070022583008,True,54.73040754680345,False
2020-12-03,482.2099914550781,492.80999755859375,481.5,484.2799987792969,484.2799987792969,3062700.0,471.2595016479492,True,56.209960488848,False
2020-12-04,485.6700134277344,491.3900146484375,484.3599853515625,486.0,486.0,2749800.0,470.7360015869141,True,57.07053305355325,False
2020-12-07,487.0,499.2900085449219,487.0,492.25,492.25,3441700.0,470.61700134277345,True,60.13621198853504,False
2020-12-08,492.2900085449219,496.0400085449219,486.20001220703125,495.2799987792969,495.2799987792969,2175700.0,471.8240005493164,True,61.5690573769391,False
2020-12-09,496.0299987792969,497.0,479.260009765625,483.739990234375,483.739990234375,3449100.0,473.41100006103517,True,53.65849096907438,False
2020-12-10,483.739990234375,488.2900085449219,470.95001220703125,476.8699951171875,476.8699951171875,3922000.0,473.8669998168945,True,49.57490286995498,False
2020-12-11,475.9800109863281,478.8900146484375,468.82000732421875,475.9100036621094,475.9100036621094,3561300.0,474.5335006713867,True,49.013576441297175,False
2020-12-14,475.6099853515625,488.4100036621094,475.5,486.4200134277344,486.4200134277344,3945200.0,475.3875015258789,True,55.01850615306339,False
2020-12-15,489.04998779296875,489.5,480.5299987792969,482.6400146484375,482.6400146484375,2558600.0,476.47200164794924,True,52.61822140109826,False
2020-12-16,485.0,491.5,484.1099853515625,489.8999938964844,489.8999938964844,2555600.0,477.5695007324219,True,56.539909094744274,False
2020-12-17,493.0,496.989990234375,490.6300048828125,495.3599853515625,495.3599853515625,2178400.0,479.36399993896487,True,59.270236932702005,False
2020-12-18,497.6099853515625,504.07000732421875,493.57000732421875,502.95001220703125,502.95001220703125,4667400.0,481.1910003662109,True,62.77158102215119,False
2020-12-21,498.04998779296875,502.0,491.5,498.3900146484375,498.3900146484375,2412900.0,482.9645004272461,True,59.46419826728323,False
2020-12-22,498.3599853515625,506.9200134277344,495.8299865722656,504.1700134277344,504.1700134277344,1701500.0,485.1425018310547,True,62.18404413003221,False
2020-12-23,505.1300048828125,505.4599914550781,496.5899963378906,496.9100036621094,496.9100036621094,1428300.0,486.8530014038086,True,57.009775216810624,False
2020-12-24,499.1600036621094,503.010009765625,497.2799987792969,499.8599853515625,499.8599853515625,589200.0,488.3420013427734,True,58.520114037861276,False
2020-12-28,505.6099853515625,506.0400085449219,496.82000732421875,498.95001220703125,498.95001220703125,1515400.0,489.43800201416013,True,57.84501952200686,False
2020-12-29,501.1700134277344,505.3500061035156,499.739990234375,502.1099853515625,502.1099853515625,1434100.0,490.6200012207031,True,59.58844919294174,False
2020-12-30,503.04998779296875,504.3699951171875,496.3299865722656,497.45001220703125,497.45001220703125,1529900.0,491.53500213623045,True,55.91583696578119,False
2020-12-31,497.989990234375,500.6600036621094,494.8900146484375,500.1199951171875,500.1199951171875,1462100.0,492.4780014038086,True,57.530922657982416,False
2021-01-04,500.29998779296875,500.7900085449219,476.2799987792969,485.3399963378906,485.3399963378906,3612900.0,492.53100128173827,False,47.21820664657481,False
2021-01-05,485.8800048828125,486.0799865722656,479.20001220703125,485.69000244140625,485.69000244140625,2010100.0,492.51550140380857,False,47.458399961765835,False
2021-01-06,474.1000061035156,475.8699951171875,466.0,466.30999755859375,466.30999755859375,4156600.0,491.21850128173827,False,37.32895673656501,False
2021-01-07,471.0,479.6400146484375,468.25,477.739990234375,477.739990234375,2901200.0,490.3415008544922,False,44.81072002915526,False
2021-01-08,480.0,485.5400085449219,477.2099914550781,485.1000061035156,485.1000061035156,2266100.0,490.40950164794924,False,49.03027646193596,False
2021-01-11,481.989990234375,482.5899963378906,471.29998779296875,474.239990234375,474.239990234375,2382400.0,490.2780014038086,False,43.718784343987984,False
2021-01-12,474.4100036621094,475.0,464.0,471.6499938964844,471.6499938964844,2964900.0,490.0650009155273,False,42.53531973647491,False
2021-01-13,472.0,477.8500061035156,469.29998779296875,472.04998779296875,472.04998779296875,2105900.0,489.34649963378905,False,42.79287841697627,False
2021-01-14,472.4100036621094,473.54998779296875,462.20001220703125,463.2699890136719,463.2699890136719,3508300.0,488.3779983520508,False,38.69332096395715,False
2021-01-15,462.5,467.8800048828125,457.489990234375,458.0799865722656,458.0799865722656,3200400.0,486.78699798583983,False,36.46924295721289,False
2021-01-19,461.1700134277344,461.5899963378906,453.3399963378906,456.5,456.5,4419200.0,484.84399871826173,False,35.794709693147695,True
2021-01-20,462.7300109863281,472.3900146484375,458.7699890136719,469.7300109863281,469.7300109863281,3859000.0,483.18299865722656,False,44.972676901955204,False
2021-01-21,470.260009765625,474.69000244140625,466.1000061035156,472.0199890136719,472.0199890136719,2768700.0,481.86449737548827,False,46.400877341716665,False
2021-01-22,472.5,476.3500061035156,470.6099853515625,472.44000244140625,472.44000244140625,2534300.0,480.2779968261719,False,46.674255771375655,False
2021-01-25,474.510009765625,477.70001220703125,463.9800109863281,473.44000244140625,473.44000244140625,2697400.0,479.10449676513673,False,47.36262632482189,False
2021-01-26,473.7300109863281,477.2200012207031,467.760009765625,476.2799987792969,476.2799987792969,2363100.0,477.9254974365234,False,49.36186889680158,False
2021-01-27,470.989990234375,473.6700134277344,455.07000732421875,460.0,460.0,3586400.0,475.9779968261719,False,39.986192613450996,False
2021-01-28,459.07000732421875,475.0199890136719,459.07000732421875,465.6700134277344,465.6700134277344,3000700.0,474.15599822998047,False,43.97726598481795,False
2021-01-29,462.1700134277344,465.0,455.1099853515625,458.7699890136719,458.7699890136719,3061100.0,472.2219970703125,False,40.451717282518665,False
2021-02-01,462.2799987792969,474.79998779296875,459.82000732421875,470.0,470.0,2554800.0,470.71599731445315,False,47.78810366894563,False
2021-02-02,473.6499938964844,487.3699951171875,472.54998779296875,484.92999267578125,484.92999267578125,3022000.0,470.6954971313477,True,55.61689524353629,False
2021-02-03,487.0899963378906,488.8500061035156,479.1700134277344,481.9200134277344,481.9200134277344,2146900.0,470.5069976806641,True,53.86338816868189,False
2021-02-04,484.2200012207031,489.8800048828125,481.9200134277344,489.3800048828125,489.3800048828125,2005100.0,471.660498046875,True,57.44448560558629,False
2021-02-05,490.9200134277344,495.1000061035156,488.0,492.1199951171875,492.1199951171875,1675000.0,472.37949829101564,True,58.71210407875603,False
2021-02-08,494.260009765625,497.8599853515625,489.2099914550781,493.760009765625,493.760009765625,1727000.0,472.81249847412107,True,59.489924187489386,False
2021-02-09,495.0,497.95001220703125,492.010009765625,496.04998779296875,496.04998779296875,1571500.0,473.90299835205076,True,60.60590271863803,False
2021-02-10,499.1700134277344,499.989990234375,490.2699890136719,492.6700134277344,492.6700134277344,1764500.0,474.9539993286133,True,58.06339665934383,False
2021-02-11,494.5299987792969,497.0,491.0799865722656,496.6199951171875,496.6199951171875,1609800.0,476.18249969482423,True,60.166505915230324,False
2021-02-12,495.1600036621094,499.3599853515625,491.760009765625,498.8399963378906,498.8399963378906,1450600.0,477.9610000610352,True,61.339979917369426,False
2021-02-16,500.0299987792969,506.510009765625,497.6000061035156,501.6400146484375,501.6400146484375,1845900.0,480.1390014648438,True,62.82742209149083,False
2021-02-17,495.4100036621094,495.54998779296875,485.510009765625,491.2300109863281,491.2300109863281,2112000.0,481.87550201416013,True,54.44096507540845,False
2021-02-18,486.32000732421875,489.79998779296875,480.0,488.3699951171875,488.3699951171875,1803200.0,482.8075012207031,True,52.37256120379268,False
2021-02-19,487.1600036621094,488.6499938964844,476.1000061035156,479.1199951171875,479.1199951171875,2720700.0,483.1625015258789,False,46.25191571731435,False
2021-02-22,470.4800109863281,472.1000061035156,466.6600036621094,467.3299865722656,467.3299865722656,2510500.0,482.90700073242186,False,39.858011690006414,False
2021-02-23,461.0199890136719,471.44000244140625,450.1199951171875,467.79998779296875,467.79998779296875,4164300.0,482.625,False,40.21283642505256,False
2021-02-24,463.489990234375,477.3500061035156,460.2900085449219,476.6199951171875,476.6199951171875,3390600.0,482.64199981689455,False,46.58194718815385,False
2021-02-25,471.239990234375,476.30999755859375,456.010009765625,459.1600036621094,459.1600036621094,3252500.0,482.6,False,37.96078523914728,False
2021-02-26,462.79998779296875,467.32000732421875,456.010009765625,459.6700134277344,459.6700134277344,3154500.0,482.3,False,38.31988283973919,False
2021-03-01,465.67999267578125,470.5,462.6499938964844,469.57000732421875,469.57000732421875,2358600.0,482.84000091552736,False,44.97762075818882,False
2021-03-02,473.0299987792969,473.79998779296875,463.4599914550781,466.5899963378906,466.5899963378906,2211000.0,482.66950073242185,False,43.45704075041761,False
2021-03-03,463.2200012207031,464.67999267578125,448.0899963378906,448.45001220703125,448.45001220703125,2808100.0,480.8455017089844,False,35.573176078214715,True
2021-03-04,446.45001220703125,457.5299987792969,437.6300048828125,439.05999755859375,439.05999755859375,4486400.0,478.70250091552737,False,32.30597465209597,True
2021-03-05,444.8800048828125,444.95001220703125,423.7099914550781,440.8299865722656,440.8299865722656,4615000.0,476.275,False,33.54497121814485,True
2021-03-08,439.760009765625,440.989990234375,420.7799987792969,421.20001220703125,421.20001220703125,3885100.0,472.7290008544922,False,27.527427710634825,True
2021-03-09,437.8399963378906,442.75,436.0,439.17999267578125,439.17999267578125,3926400.0,470.0,False,38.42330827737276,False
2021-03-10,445.7300109863281,448.4599914550781,436.82000732421875,437.010009765625,437.010009765625,2747300.0,467.0480010986328,False,37.686879720697355,False
2021-03-11,448.1400146484375,454.07000732421875,447.30999755859375,451.05999755859375,451.05999755859375,2762200.0,464.9675003051758,False,45.03276398622921,False
2021-03-12,443.45001220703125,445.8900146484375,438.6000061035156,444.29998779296875,444.29998779296875,2183100.0,462.3514999389648,False,42.44037675658681,False
2021-03-15,444.3999938964844,447.7900085449219,437.7699890136719,447.5899963378906,447.5899963378906,2508400.0,459.7889999389648,False,44.126206885364496,False
2021-03-16,452.010009765625,457.4100036621094,449.6700134277344,450.5400085449219,450.5400085449219,2618800.0,457.23399963378904,False,45.662957294288766,False
2021-03-17,445.44000244140625,453.94000244140625,441.0199890136719,451.010009765625,451.010009765625,2502700.0,455.2229995727539,False,45.918172412670266,False
2021-03-18,443.1600036621094,446.8599853515625,438.5,439.17999267578125,439.17999267578125,2931200.0,452.7634994506836,False,40.73231509632493,False
2021-03-19,439.17999267578125,444.5,438.1400146484375,441.5,441.5,3923800.0,450.8824996948242,False,42.11303447553174,False
2021-03-22,444.8599853515625,457.82000732421875,444.8599853515625,452.4100036621094,452.4100036621094,2944300.0,450.1365005493164,True,48.22181476991284,False
2021-03-23,457.3500061035156,466.8800048828125,456.4100036621094,460.20001220703125,460.20001220703125,5317000.0,449.75650177001955,True,52.108090379428745,False
2021-03-24,464.760009765625,465.6099853515625,448.3399963378906,451.510009765625,451.510009765625,5214100.0,448.5010025024414,True,47.79821148932871,False
2021-03-25,448.3299865722656,456.8699951171875,445.4100036621094,450.989990234375,450.989990234375,3201500.0,448.0925018310547,True,47.544787768995576,False
2021-03-26,450.25,469.7699890136719,449.04998779296875,469.0899963378906,469.0899963378906,3615900.0,448.5635009765625,True,56.24127768495443,False
2021-03-29,469.0299987792969,472.0,462.5,469.32000732421875,469.32000732421875,3141900.0,448.5510009765625,True,56.34033585075583,False
2021-03-30,462.5799865722656,469.0899963378906,461.5,465.4599914550781,465.4599914550781,2436300.0,448.4945007324219,True,54.12593492861248,False
2021-03-31,469.70001220703125,482.4100036621094,468.70001220703125,475.3699951171875,475.3699951171875,3155900.0,449.8404998779297,True,58.622402830503916,False
2021-04-01,483.1199951171875,487.0400085449219,480.7099914550781,483.3399963378906,483.3399963378906,2664700.0,452.0544998168945,True,61.860215804345344,False
2021-04-05,483.69000244140625,495.510009765625,480.5,491.6199951171875,491.6199951171875,2982500.0,454.5940002441406,True,64.93046136700045,False
2021-04-06,492.32000732421875,495.5899963378906,487.57000732421875,491.3399963378906,491.3399963378906,1878300.0,458.1009994506836,True,64.74066731356005,False
2021-04-07,492.9800109863281,494.8500061035156,487.8900146484375,493.4100036621094,493.4100036621094,1576800.0,460.8125,True,65.54256233836898,False
2021-04-08,500.1600036621094,504.6000061035156,498.1400146484375,499.8399963378906,499.8399963378906,2026000.0,463.9539993286133,True,67.9787200352714,False
2021-04-09,498.3699951171875,504.44000244140625,492.6000061035156,504.0400085449219,504.0400085449219,1886900.0,466.6029998779297,True,69.49579448606997,False
2021-04-12,499.2900085449219,506.94000244140625,498.44000244140625,506.0299987792969,506.0299987792969,1584600.0,469.6895004272461,True,70.21580550337688,False
2021-04-13,506.8500061035156,517.260009765625,506.7799987792969,514.8599853515625,514.8599853515625,2195400.0,473.05299987792966,True,73.23468366406654,False
2021-04-14,514.0,517.780029296875,509.1300048828125,510.6300048828125,510.6300048828125,1956400.0,476.05749969482423,True,69.59550068725675,False
2021-04-15,515.6699829101562,524.5900268554688,515.0999755859375,523.25,523.25,2122300.0,479.669499206543,True,73.78151063226002,False
2021-04-16,524.2100219726562,525.4400024414062,518.5499877929688,525.0800170898438,525.0800170898438,2031600.0,483.9645004272461,True,74.33334944111759,False
2021-04-19,523.1300048828125,524.0,514.4400024414062,516.1699829101562,516.1699829101562,1917700.0,487.69799957275393,True,66.94524206817809,False
2021-04-20,515.2899780273438,517.2899780273438,510.6000061035156,514.2100219726562,514.2100219726562,1677500.0,490.7880004882812,True,65.40526264051881,False
2021-04-21,515.02001953125,515.47998046875,509.54998779296875,512.3400268554688,512.3400268554688,1678100.0,493.39500122070314,True,63.895043014475924,False
2021-04-22,508.0799865722656,512.77001953125,504.05999755859375,507.2900085449219,507.2900085449219,2084600.0,496.18400115966796,True,59.874311169817396,False
2021-04-23,508.7900085449219,517.5,508.3999938964844,515.8400268554688,515.8400268554688,2257500.0,499.42650299072267,True,64.00428690215605,False
2021-04-26,513.5700073242188,516.3099975585938,510.25,515.7000122070312,515.7000122070312,1387500.0,501.7570037841797,True,63.88831906074852,False
2021-04-27,518.0,519.1599731445312,511.3500061035156,517.3200073242188,517.3200073242188,1944000.0,504.15700378417966,True,64.68558900434084,False
2021-04-28,515.239990234375,519.1300048828125,510.0199890136719,515.47998046875,515.47998046875,1472200.0,506.65800323486326,True,62.98465454949211,False
2021-04-29,518.1099853515625,520.4500122070312,510.6199951171875,516.0900268554688,516.0900268554688,1592500.0,508.69400482177736,True,63.32894645284838,False
2021-04-30,514.1300048828125,515.0499877929688,507.1499938964844,508.3399963378906,508.3399963378906,1950500.0,509.94400482177736,False,56.17985498717767,False
2021-05-03,510.9700012207031,511.739990234375,501.1199951171875,503.4599914550781,503.4599914550781,1458600.0,510.5360046386719,False,52.18504454736395,False
2021-05-04,499.4700012207031,499.4700012207031,484.8299865722656,490.70001220703125,490.70001220703125,2528900.0,510.5040054321289,False,43.479190082801246,False
2021-05-05,495.69000244140625,498.6300048828125,484.44000244140625,486.69000244140625,486.69000244140625,1875300.0,510.1680053710937,False,41.155524473496875,False
2021-05-06,485.6700134277344,485.6700134277344,475.9200134277344,483.6099853515625,483.6099853515625,2537100.0,509.3565048217773,False,39.41321066413018,False
2021-05-07,496.0,499.1499938964844,485.7799987792969,488.7300109863281,488.7300109863281,1632300.0,508.5910049438477,False,43.681492312548976,False
2021-05-10,487.5400085449219,489.0400085449219,478.6300048828125,479.3800048828125,479.3800048828125,1970900.0,507.2585052490234,False,38.36597203910259,False
2021-05-11,471.0299987792969,486.9100036621094,468.5,485.19000244140625,485.19000244140625,2293700.0,505.77500610351564,False,43.007043320264444,False
2021-05-12,477.19000244140625,480.989990234375,469.57000732421875,472.0899963378906,472.0899963378906,2399500.0,503.8480056762695,False,36.35905165595731,False
2021-05-13,478.010009765625,480.4599914550781,471.760009765625,474.1600036621094,474.1600036621094,1996500.0,501.393505859375,False,37.990210314194805,False
2021-05-14,481.6300048828125,488.3299865722656,478.69000244140625,486.55999755859375,486.55999755859375,1857100.0,499.4675048828125,False,46.788518778309054,False
2021-05-17,487.0299987792969,487.8699951171875,478.1099853515625,482.739990234375,482.739990234375,1581000.0,497.79600524902344,False,44.68508464011627,False
2021-05-18,484.6300048828125,488.32000732421875,480.4599914550781,480.6199951171875,480.6199951171875,1395100.0,496.11650390625,False,43.51587420542232,False
2021-05-19,473.0199890136719,480.8699951171875,472.0,480.4700012207031,480.4700012207031,2047500.0,494.5230026245117,False,43.42929048524625,False
2021-05-20,483.67999267578125,495.3599853515625,482.6099853515625,491.6700134277344,491.6700134277344,1991100.0,493.7420028686523,False,51.23211814209793,False
2021-05-21,494.19000244140625,496.2300109863281,487.1300048828125,488.07000732421875,488.07000732421875,1567800.0,492.35350189208987,False,48.89749685670391,False
2021-05-24,494.6400146484375,499.989990234375,492.010009765625,497.8299865722656,497.8299865722656,1846900.0,491.4600006103516,True,54.89815368231962,False
2021-05-25,499.0199890136719,505.6000061035156,498.8699951171875,505.0799865722656,505.0799865722656,2322500.0,490.8479995727539,True,58.77102404826932,False
2021-05-26,506.2699890136719,509.5,504.6300048828125,506.9800109863281,506.9800109863281,1695600.0,490.4230010986328,True,59.746569252777654,False
2021-05-27,505.0,505.0,497.45001220703125,498.2799987792969,498.2799987792969,2957300.0,489.5324996948242,True,53.503831411805734,False
2021-05-28,506.0799865722656,511.3699951171875,504.19000244140625,504.5799865722656,504.5799865722656,1924800.0,489.344499206543,True,57.00702511370605,False
2021-06-01,504.5400085449219,506.0,492.30999755859375,495.9100036621094,495.9100036621094,2189000.0,488.96699981689454,True,51.280840619020786,False
2021-06-02,495.17999267578125,501.82000732421875,493.0899963378906,495.7699890136719,495.7699890136719,1761300.0,489.2204986572266,True,51.1914125222843,False
2021-06-03,492.3999938964844,496.760009765625,487.3399963378906,493.1400146484375,493.1400146484375,1539100.0,489.5429992675781,True,49.44710735542238,False
2021-06-04,498.7300109863281,506.5,497.7200012207031,504.5,504.5,1644200.0,490.5875,True,56.36359021381344,False
2021-06-07,504.989990234375,509.7799987792969,502.0,509.4700012207031,509.4700012207031,1768500.0,491.62449951171874,True,59.00613049197518,False
2021-06-08,511.1499938964844,516.2899780273438,508.07000732421875,509.20001220703125,509.20001220703125,1747800.0,493.11549987792966,True,58.797821450999955,False
2021-06-09,513.989990234375,518.3200073242188,512.47998046875,514.6799926757812,514.6799926757812,1702400.0,494.5899993896484,True,61.7494788198743,False
2021-06-10,513.989990234375,536.4099731445312,513.010009765625,535.52001953125,535.52001953125,3152400.0,497.7615005493164,True,70.42621853000404,False
2021-06-11,529.75,541.8499755859375,529.75,541.260009765625,541.260009765625,2871300.0,501.1165008544922,True,72.29063668011204,False
2021-06-14,545.0399780273438,561.3599853515625,543.25,556.9500122070312,556.9500122070312,3522600.0,504.63600158691406,True,76.62802593681751,False
2021-06-15,554.989990234375,555.0,547.22998046875,548.4600219726562,548.4600219726562,2424800.0,507.9220031738281,True,70.22260531881058,False
2021-06-16,548.4600219726562,553.989990234375,535.719970703125,543.3300170898438,543.3300170898438,2842000.0,511.05750427246096,True,66.59993278945862,False
2021-06-17,539.989990234375,552.719970703125,538.75,551.3599853515625,551.3599853515625,3566400.0,514.6020034790039,True,69.2721120208999,False
2021-06-18,569.9600219726562,570.0,556.3900146484375,565.5900268554688,565.5900268554688,6762000.0,518.2980041503906,True,73.34232824414808,False
2021-06-21,565.989990234375,570.1900024414062,560.3499755859375,567.3499755859375,567.3499755859375,2625900.0,522.2620025634766,True,73.80448598107559,False
2021-06-22,568.510009765625,576.3099975585938,567.0,575.739990234375,575.739990234375,2370400.0,526.157502746582,True,75.94546478477875,False
2021-06-23,577.989990234375,579.7999877929688,570.7100219726562,574.22998046875,574.22998046875,1616700.0,529.6150024414062,True,74.76116077687217,False
2021-06-24,575.9000244140625,580.969970703125,574.9600219726562,578.260009765625,578.260009765625,1835000.0,533.1790023803711,True,75.84384615657977,False
2021-06-25,578.6400146484375,582.0,577.0599975585938,579.6599731445312,579.6599731445312,2133500.0,537.2480010986328,True,76.22538567824381,False
2021-06-28,582.7100219726562,589.4099731445312,581.0,588.7999877929688,588.7999877929688,1714000.0,541.459001159668,True,78.6017099992401,False
2021-06-29,586.780029296875,591.3400268554688,583.9000244140625,590.75,590.75,1204800.0,546.2010009765625,True,79.082090784723,False
2021-06-30,590.75,592.239990234375,585.0,585.6400146484375,585.6400146484375,1704200.0,550.6945022583008,True,74.37043159135071,False
2021-07-01,583.3300170898438,587.780029296875,581.3499755859375,584.72998046875,584.72998046875,1646100.0,555.2740005493164,True,73.53022830997138,False
2021-07-02,588.6699829101562,594.0800170898438,587.9600219726562,593.0700073242188,593.0700073242188,1744600.0,559.7025009155274,True,76.18556052094878,False
2021-07-06,595.8699951171875,600.6599731445312,592.47998046875,596.9000244140625,596.9000244140625,1657400.0,564.0740020751953,True,77.31119709811307,False
2021-07-07,600.0,607.6699829101562,597.4000244140625,605.77001953125,605.77001953125,2022500.0,568.9025024414062,True,79.70384580268106,False
2021-07-08,595.6400146484375,607.2999877929688,593.3300170898438,605.9500122070312,605.9500122070312,1846600.0,573.4660034179688,True,79.75051147749306,False
2021-07-09,601.4299926757812,605.9500122070312,597.4400024414062,604.5,604.5,2145200.0,576.9150024414063,True,78.19081164186086,False
2021-07-12,606.0,607.4199829101562,596.47998046875,600.2000122070312,600.2000122070312,1696200.0,579.8620025634766,True,73.59426402450342,False
2021-07-13,600.5599975585938,609.3300170898438,598.4199829101562,605.010009765625,605.010009765625,1435600.0,582.2650024414063,True,75.34057395227333,False
2021-07-14,608.1400146484375,611.2999877929688,604.010009765625,608.8300170898438,608.8300170898438,1376900.0,585.2835021972656,True,76.66069854866015,False
2021-07-15,608.4000244140625,609.9500122070312,602.6500244140625,606.1699829101562,606.1699829101562,1618100.0,588.4255004882813,True,73.7018806743933,False
2021-07-16,608.7100219726562,611.6199951171875,603.6599731445312,606.0999755859375,606.0999755859375,1249700.0,591.1625,True,73.62134465659875,False
2021-07-19,602.75,610.6900024414062,598.1400146484375,602.0499877929688,602.0499877929688,2046600.0,592.985498046875,True,68.9288120986185,False
2021-07-20,605.3900146484375,612.75,598.47998046875,608.719970703125,608.719970703125,1675700.0,595.0539978027343,True,72.08456923757782,False
2021-07-21,605.719970703125,612.5800170898438,603.3200073242188,612.260009765625,612.260009765625,1381000.0,596.8799987792969,True,73.61618999438679,False
2021-07-22,614.5800170898438,623.9500122070312,614.5800170898438,623.6799926757812,623.6799926757812,1477900.0,599.3524993896484,True,77.84011741841866,False
2021-07-23,625.760009765625,631.6400146484375,622.0,625.8699951171875,625.8699951171875,2030400.0,601.7329986572265,True,78.54934137394929,False
2021-07-26,624.1799926757812,625.8699951171875,619.72998046875,620.7999877929688,620.7999877929688,1389800.0,603.7899993896484,True,72.74481663965089,False
2021-07-27,621.0,623.9199829101562,610.6400146484375,618.280029296875,618.280029296875,1540300.0,605.2640014648438,True,69.97692884196371,False
2021-07-28,620.989990234375,626.0,617.5700073242188,620.9199829101562,620.9199829101562,1468100.0,606.7725006103516,True,71.21269153586387,False
2021-07-29,617.0399780273438,625.6699829101562,617.0399780273438,621.7000122070312,621.7000122070312,1068900.0,608.5755004882812,True,71.5848511155723,False
2021-07-30,619.030029296875,622.7999877929688,617.2899780273438,621.6300048828125,621.6300048828125,1403400.0,610.4205017089844,True,71.49551559117359,False
2021-08-02,625.8699951171875,627.5999755859375,612.9299926757812,618.75,618.75,1466800.0,611.7045013427735,True,67.74971244492102,False
2021-08-03,620.22998046875,624.7000122070312,614.0,621.280029296875,621.280029296875,1067300.0,612.9235015869141,True,69.27273743253659,False
2021-08-04,622.469970703125,627.0800170898438,617.6199951171875,625.6799926757812,625.6799926757812,1306800.0,613.9190002441406,True,71.76962126369258,False
2021-08-05,626.989990234375,632.469970703125,623.0,632.0800170898438,632.0800170898438,1158200.0,615.2255004882812,True,74.95728908198949,False
2021-08-06,629.27001953125,631.8400268554688,625.1699829101562,631.3800048828125,631.3800048828125,1127700.0,616.5695007324218,True,73.97341238927338,False
2021-08-09,634.97998046875,634.97998046875,626.9199829101562,629.219970703125,629.219970703125,1118900.0,618.0204986572265,True,70.88168954190361,False
2021-08-10,630.47998046875,633.2999877929688,620.5999755859375,621.739990234375,621.739990234375,1540100.0,618.8569976806641,True,61.323486260144676,False
2021-08-11,623.760009765625,627.4199829101562,621.6500244140625,626.030029296875,626.030029296875,1328300.0,619.7169982910157,True,64.29714175856111,False
2021-08-12,626.0,636.6400146484375,624.0399780273438,634.3499755859375,634.3499755859375,1163100.0,621.1259979248047,True,69.23701462153966,False
2021-08-13,634.489990234375,638.4299926757812,632.3499755859375,637.3099975585938,637.3099975585938,932800.0,622.6864990234375,True,70.78571411610987,False
2021-08-16,637.030029296875,638.02001953125,628.1900024414062,636.9400024414062,636.9400024414062,1105500.0,624.4309997558594,True,70.30924271433352,False
2021-08-17,636.5499877929688,637.0,630.219970703125,635.010009765625,635.010009765625,1346300.0,625.7455017089844,True,67.74753787216196,False
2021-08-18,632.7999877929688,637.1400146484375,626.0499877929688,626.77001953125,626.77001953125,1386500.0,626.4710021972656,True,58.02676592425236,False
2021-08-19,624.8800048828125,642.5499877929688,623.6300048828125,637.6599731445312,637.6599731445312,1693700.0,627.1700012207032,True,65.14478326906297,False
2021-08-20,639.8400268554688,652.0,634.530029296875,647.3400268554688,647.3400268554688,1434000.0,628.2435028076172,True,70.0128663790417,False
2021-08-23,645.8699951171875,658.5,645.52001953125,656.8599853515625,656.8599853515625,1652400.0,630.0465026855469,True,73.87702389221512,False
2021-08-24,659.1400146484375,660.0,653.4000244140625,657.239990234375,657.239990234375,866400.0,631.9945007324219,True,74.02093100334048,False
2021-08-25,658.6099853515625,661.0599975585938,651.6400146484375,656.7999877929688,656.7999877929688,1047900.0,633.7885009765625,True,73.51593068262741,False
2021-08-26,653.5900268554688,657.9099731445312,649.3499755859375,652.3900146484375,652.3900146484375,1619200.0,635.3230010986329,True,68.47365958203525,False
2021-08-27,652.52001953125,662.6099853515625,651.8599853515625,658.52001953125,658.52001953125,1142300.0,637.1675018310547,True,71.40915423867253,False
2021-08-30,659.780029296875,667.6699829101562,659.780029296875,665.989990234375,665.989990234375,1341500.0,639.5295013427734,True,74.52237192084377,False
2021-08-31,667.9000244140625,667.9000244140625,660.4600219726562,663.7000122070312,663.7000122070312,1877800.0,641.6505004882813,True,71.93637424343304,False
2021-09-01,664.510009765625,668.9600219726562,662.0,665.8900146484375,665.8900146484375,1261200.0,643.661001586914,True,72.90472563568594,False
2021-09-02,669.8200073242188,669.8499755859375,661.6699829101562,664.6400146484375,664.6400146484375,1402400.0,645.2890014648438,True,71.39053711995942,False
2021-09-03,664.4299926757812,673.8800048828125,664.2999877929688,666.5900268554688,666.5900268554688,1640300.0,647.0495025634766,True,72.35514452658673,False
2021-09-07,667.3499755859375,668.8699951171875,656.5499877929688,661.3900146484375,661.3900146484375,1382300.0,648.6580047607422,True,65.9677428369011,False
2021-09-08,660.1500244140625,664.0800170898438,657.0999755859375,663.219970703125,663.219970703125,1367700.0,650.7320037841797,True,67.06947112344784,False
2021-09-09,664.8400268554688,667.4600219726562,659.9299926757812,661.6799926757812,661.6799926757812,1110200.0,652.514501953125,True,65.15781913614614,False
2021-09-10,666.1799926757812,668.8699951171875,658.2000122070312,658.9400024414062,658.9400024414062,1204200.0,653.7440032958984,True,61.78357752326578,False
2021-09-13,663.0399780273438,663.5999755859375,640.239990234375,645.1500244140625,645.1500244140625,2242500.0,654.1360046386719,False,48.242853964033166,False
2021-09-14,646.0,649.5800170898438,642.4600219726562,645.010009765625,645.010009765625,2150200.0,654.5395050048828,False,48.12752008813678,False
2021-09-15,652.3200073242188,663.3099975585938,650.97998046875,661.0800170898438,661.0800170898438,2009300.0,655.8430053710938,True,59.959357992522904,False
2021-09-16,657.530029296875,666.469970703125,654.7100219726562,665.1099853515625,665.1099853515625,2046100.0,657.7600036621094,True,62.282764936320895,False
2021-09-17,663.2100219726562,665.0,652.0399780273438,654.47998046875,654.47998046875,3553200.0,658.6010040283203,False,53.46932457044009,False
2021-09-20,646.0399780273438,653.9299926757812,633.0499877929688,641.2899780273438,641.2899780273438,2637400.0,658.2985015869141,False,44.96650744337174,False
2021-09-21,646.8800048828125,650.9500122070312,640.2999877929688,645.8900146484375,645.8900146484375,2449300.0,657.7500030517579,False,48.06815865528899,False
2021-09-22,624.7899780273438,628.9400024414062,615.0599975585938,626.0800170898438,626.0800170898438,5689600.0,656.1920043945313,False,38.10757089589166,False
2021-09-23,632.2899780273438,633.8200073242188,627.02001953125,630.8400268554688,630.8400268554688,2985500.0,654.8940063476563,False,41.25741210649447,False
2021-09-24,628.0,629.030029296875,618.219970703125,622.7100219726562,622.7100219726562,2809000.0,653.4100067138672,False,37.72591718523866,False
2021-09-27,615.7999877929688,616.6599731445312,602.72998046875,603.6500244140625,603.6500244140625,4152200.0,650.6665069580079,False,31.02181628451902,True
2021-09-28,596.3099975585938,596.3099975585938,578.3300170898438,578.77001953125,578.77001953125,5108900.0,646.3055084228515,False,24.82118907459045,True
2021-09-29,585.4500122070312,586.5499877929688,576.0700073242188,577.7000122070312,577.7000122070312,2726800.0,642.0055084228516,False,24.593516871512406,True
2021-09-30,580.6400146484375,586.1900024414062,573.239990234375,575.719970703125,575.719970703125,2743600.0,637.4970062255859,False,24.152034492610042,True
2021-10-01,577.52001953125,581.469970703125,568.6099853515625,577.469970703125,577.469970703125,2915300.0,633.1385040283203,False,25.426204628687984,True
2021-10-04,574.5900268554688,576.7999877929688,552.1400146484375,558.489990234375,558.489990234375,3977000.0,627.7335021972656,False,21.255598157689846,True
2021-10-05,563.9099731445312,570.2899780273438,559.2100219726562,566.7000122070312,566.7000122070312,2337800.0,622.9990020751953,False,26.845353892892405,True
2021-10-06,561.239990234375,572.1599731445312,560.2100219726562,570.3099975585938,570.3099975585938,2043200.0,618.3535034179688,False,29.22439812526082,True
2021-10-07,578.4600219726562,586.1500244140625,576.1900024414062,578.9600219726562,578.9600219726562,2648500.0,614.2175048828125,False,34.70393890940761,True
2021-10-08,581.2999877929688,583.6099853515625,575.52001953125,576.8599853515625,576.8599853515625,2050700.0,610.1135040283203,False,34.01539703846524,True
2021-10-11,574.5,582.280029296875,571.5,573.0700073242188,573.0700073242188,1410600.0,606.5095031738281,False,32.75243671100095,True
2021-10-12,579.1599731445312,584.219970703125,574.4199829101562,580.6900024414062,580.6900024414062,1740200.0,603.2935028076172,False,37.75637266165409,False
2021-10-13,585.260009765625,593.5399780273438,582.6599731445312,591.1199951171875,591.1199951171875,2142300.0,599.7955017089844,False,43.908767084083145,False
2021-10-14,600.0,609.4400024414062,596.969970703125,607.510009765625,607.510009765625,2500900.0,596.9155029296875,True,51.94682903415135,False
2021-10-15,611.6900024414062,612.25,607.5499877929688,610.0900268554688,610.0900268554688,1960100.0,594.6960052490234,True,53.08650675775281,False
2021-10-18,610.6500244140625,623.469970703125,607.5700073242188,622.8300170898438,622.8300170898438,1905100.0,593.7730072021484,True,58.34066917278455,False
2021-10-19,625.260009765625,639.3900146484375,625.260009765625,636.0700073242188,636.0700073242188,2470000.0,593.2820068359375,True,62.98085485683013,False
2021-10-20,639.280029296875,641.2899780273438,630.1699829101562,632.3699951171875,632.3699951171875,1497200.0,593.5965057373047,True,60.93811864497282,False
2021-10-21,632.0,639.1699829101562,629.0,638.6599731445312,638.6599731445312,1586600.0,593.9875030517578,True,63.127574048442504,False
2021-10-22,640.4299926757812,644.4299926757812,634.4500122070312,643.5800170898438,643.5800170898438,1786500.0,595.0310028076171,True,64.79004093637198,False
2021-10-25,644.469970703125,649.6199951171875,639.0700073242188,646.969970703125,646.969970703125,1629400.0,597.1970001220703,True,65.92985682752803,False
2021-10-26,650.9099731445312,659.1900024414062,642.0999755859375,642.5,642.5,2154000.0,600.3834991455078,True,63.03232561502748,False
2021-10-27,644.47998046875,648.8099975585938,639.8099975585938,640.0800170898438,640.0800170898438,1629900.0,603.5024993896484,True,61.45756817965886,False
2021-10-28,638.0,642.489990234375,633.27001953125,639.280029296875,639.280029296875,2085000.0,606.6805023193359,True,60.91577212957262,False
2021-10-29,637.77001953125,651.3099975585938,637.0,650.3599853515625,650.3599853515625,1927700.0,610.3250030517578,True,65.45780021891333,False
2021-11-01,651.0499877929688,654.0,634.780029296875,640.2000122070312,640.2000122070312,2215800.0,614.4105041503906,True,58.71922891185658,False
2021-11-02,641.1199951171875,647.739990234375,639.22998046875,640.4000244140625,640.4000244140625,1770000.0,618.0955047607422,True,58.80912815426865,False
2021-11-03,645.52001953125,656.5,640.0,655.1799926757812,655.1799926757812,1970700.0,622.3390045166016,True,64.89328148963745,False
2021-11-04,659.4400024414062,676.0800170898438,657.75,674.0800170898438,674.0800170898438,2480600.0,627.095004272461,True,70.82730502718573,False
2021-11-05,676.739990234375,677.760009765625,661.1099853515625,662.719970703125,662.719970703125,2517600.0,631.3880035400391,True,63.8422528523669,False
2021-11-08,666.5599975585938,668.25,661.4000244140625,666.02001953125,666.02001953125,1497200.0,636.0355041503906,True,64.92443062911715,False
2021-11-09,667.6900024414062,669.6599731445312,663.0,667.9199829101562,667.9199829101562,1128000.0,640.3970031738281,True,65.56346792420118,False
2021-11-10,663.2000122070312,665.8099975585938,645.8599853515625,647.5,647.5,2038200.0,643.2160034179688,True,54.14572031810223,False
2021-11-11,649.6099853515625,652.5700073242188,642.0999755859375,643.1699829101562,643.1699829101562,1271100.0,644.9990020751953,False,52.07479237555224,False
2021-11-12,649.010009765625,658.469970703125,647.1599731445312,657.5999755859375,657.5999755859375,1286500.0,647.3744995117188,True,57.859269356199874,False
2021-11-15,658.3699951171875,663.6699829101562,655.1900024414062,659.72998046875,659.72998046875,1077600.0,649.2194976806641,True,58.65258788640611,False
2021-11-16,659.1400146484375,673.739990234375,658.989990234375,671.030029296875,671.030029296875,1422000.0,650.9674987792969,True,62.667842011158456,False
2021-11-17,671.760009765625,672.739990234375,662.8400268554688,670.6699829101562,670.6699829101562,1221900.0,652.8824981689453,True,62.4597154418025,False
2021-11-18,670.6199951171875,676.5499877929688,665.0800170898438,670.9600219726562,670.9600219726562,1493800.0,654.4975006103516,True,62.56756381481785,False
2021-11-19,681.260009765625,699.5,678.9099731445312,688.3699951171875,688.3699951171875,3090900.0,656.7369995117188,True,68.43044154508074,False
2021-11-22,696.280029296875,699.5399780273438,672.6599731445312,673.5700073242188,673.5700073242188,2284700.0,658.0670013427734,True,59.848873266762155,False
2021-11-23,662.7000122070312,667.5700073242188,648.6099853515625,665.1599731445312,665.1599731445312,2502800.0,659.2,True,55.583251394178276,False
2021-11-24,655.8300170898438,668.8699951171875,647.1400146484375,668.3200073242188,668.3200073242188,2426800.0,660.6119995117188,True,56.82834994223198,False
2021-11-26,670.25,684.0,659.6799926757812,662.0999755859375,662.0999755859375,2204000.0,661.7529968261719,True,53.64093360325755,False
2021-11-29,668.0,691.3599853515625,665.77001953125,687.489990234375,687.489990234375,2728800.0,663.6094970703125,True,62.81050546016905,False
2021-11-30,687.219970703125,694.8900146484375,667.8300170898438,669.8499755859375,669.8499755859375,4703600.0,665.0919952392578,True,54.71341692246095,False
2021-12-01,676.0,678.780029296875,656.280029296875,657.4099731445312,657.4099731445312,2831800.0,665.9424926757813,False,49.83440289973499,False
2021-12-02,655.9500122070312,674.8499755859375,653.6199951171875,671.8800048828125,671.8800048828125,2675400.0,666.7774932861328,True,54.87507474802064,False
2021-12-03,658.0999755859375,662.0900268554688,604.2999877929688,616.530029296875,616.530029296875,6741800.0,663.8999938964844,False,38.81062878839462,False
2021-12-06,617.469970703125,625.9000244140625,605.72998046875,622.0399780273438,622.0399780273438,3170000.0,661.8659942626953,False,40.67254923943879,False
2021-12-07,644.1900024414062,655.219970703125,640.0499877929688,649.9600219726562,649.9600219726562,3943500.0,661.0629943847656,False,49.12099740653069,False
2021-12-08,647.2999877929688,654.6500244140625,641.6099853515625,653.0999755859375,653.0999755859375,2416200.0,660.3219940185547,False,49.98362878976906,False
2021-12-09,650.9199829101562,655.719970703125,630.8800048828125,632.5700073242188,632.5700073242188,2550700.0,659.5754943847656,False,44.65290574461284,False
2021-12-10,638.1300048828125,654.969970703125,635.0999755859375,654.4500122070312,654.4500122070312,2873000.0,660.1394958496094,False,50.688875604330306,False
2021-12-13,652.77001953125,675.2100219726562,650.97998046875,658.2999877929688,658.2999877929688,3829400.0,660.1744964599609,False,51.68728559959276,False
2021-12-14,635.3599853515625,636.0,599.0999755859375,614.8599853515625,614.8599853515625,5934200.0,657.9309967041015,False,41.481715461768054,False
2021-12-15,615.9600219726562,631.25,604.6199951171875,630.3300170898438,630.3300170898438,4288800.0,655.89599609375,False,45.60107686940185,False
2021-12-16,578.4000244140625,591.5800170898438,556.1500244140625,566.0900268554688,566.0900268554688,10961200.0,650.6669982910156,False,34.68285156855889,True
2021-12-17,566.0900268554688,566.989990234375,545.1400146484375,556.6400146484375,556.6400146484375,7999200.0,644.9509979248047,False,33.415389228481445,True
2021-12-20,545.6099853515625,557.27001953125,543.5,549.77001953125,549.77001953125,3441100.0,638.0209991455079,False,32.485942547393975,True
2021-12-21,550.9099731445312,559.8900146484375,538.0499877929688,557.52001953125,557.52001953125,4104700.0,632.2184997558594,False,34.69277393191767,True
2021-12-22,560.2999877929688,564.9199829101562,552.239990234375,563.97998046875,563.97998046875,4526200.0,627.1595001220703,False,36.55438697640821,False
2021-12-23,568.9600219726562,572.5700073242188,566.1599731445312,569.6199951171875,569.6199951171875,2147700.0,622.2244995117187,False,38.21045509289528,False
2021-12-27,575.0399780273438,580.8800048828125,572.0900268554688,577.6799926757812,577.6799926757812,1980100.0,618.0035003662109,False,40.59676083725281,False
2021-12-28,582.8400268554688,582.8800048828125,568.3499755859375,569.3599853515625,569.3599853515625,2107800.0,612.0970001220703,False,38.92559395743691,False
2021-12-29,573.3300170898438,576.9600219726562,562.780029296875,569.2899780273438,569.2899780273438,2484200.0,607.0690002441406,False,38.911079320814125,False
2021-12-30,570.5700073242188,578.989990234375,566.0399780273438,570.530029296875,570.530029296875,1564600.0,602.7250030517578,False,39.34253483427042,False
2021-12-31,570.0,570.1699829101562,565.0700073242188,567.0599975585938,567.0599975585938,1581400.0,597.4840026855469,False,38.522621602933725,False
2022-01-03,566.6500244140625,575.0,553.27001953125,564.3699951171875,564.3699951171875,2862700.0,594.8760009765625,False,37.863850942007346,False
2022-01-04,563.9000244140625,564.2999877929688,541.3099975585938,554.0,554.0,4344800.0,591.4740020751954,False,35.3538942175862,True
2022-01-05,535.0,538.75,514.0,514.4299926757812,514.4299926757812,7394800.0,584.6975006103515,False,27.785113964334997,True
2022-01-06,510.0,526.3099975585938,508.20001220703125,514.1199951171875,514.1199951171875,3913600.0,577.748501586914,False,27.735019016060278,True
2022-01-07,513.6599731445312,520.4199829101562,504.0,510.70001220703125,510.70001220703125,3605400.0,571.6550018310547,False,27.153376771701417,True
2022-01-10,500.0,526.5800170898438,497.010009765625,525.8300170898438,525.8300170898438,5429700.0,565.2240020751954,False,33.7706321978895,True
2022-01-11,525.5499877929688,535.1799926757812,520.97998046875,529.8900146484375,529.8900146484375,3422200.0,558.8035034179687,False,35.46472435043388,True
2022-01-12,533.0900268554688,541.5900268554688,529.280029296875,532.3699951171875,532.3699951171875,2901800.0,554.67900390625,False,36.532657110781784,False
2022-01-13,532.219970703125,535.27001953125,516.3200073242188,516.9000244140625,516.9000244140625,3406500.0,549.0075042724609,False,32.877762126173465,True
2022-01-14,514.489990234375,522.5700073242188,511.2699890136719,520.5999755859375,520.5999755859375,2659800.0,546.7330017089844,False,34.56393463648347,True
2022-01-18,510.3900146484375,519.3900146484375,504.9800109863281,513.3400268554688,513.3400268554688,3461000.0,544.568002319336,False,32.821653335260876,True
2022-01-19,516.47998046875,528.9199829101562,515.2999877929688,516.5800170898438,516.5800170898438,2985900.0,542.9085021972656,False,34.410650974077186,True
2022-01-20,522.3800048828125,532.030029296875,509.6400146484375,510.8500061035156,510.8500061035156,3208100.0,540.5750015258789,False,32.92729157779917,True
2022-01-21,508.5,513.8599853515625,499.2699890136719,499.9100036621094,499.9100036621094,4276100.0,537.3715026855468,False,30.246430693939573,True
2022-01-24,491.07000732421875,520.4299926757812,483.30999755859375,519.6599731445312,519.6599731445312,7538000.0,534.873501586914,False,39.778809618518856,False
2022-01-25,505.510009765625,514.260009765625,500.010009765625,502.7200012207031,502.7200012207031,4051500.0,531.1255020141601,False,35.320295635544156,True
2022-01-26,514.0,520.489990234375,494.2200012207031,500.80999755859375,500.80999755859375,4449500.0,527.6980026245117,False,34.84605564508027,True
2022-01-27,508.94000244140625,513.22998046875,485.6199951171875,493.04998779296875,493.04998779296875,5865400.0,523.886003112793,False,32.91253872230459,True
2022-01-28,494.0899963378906,519.0,480.6199951171875,518.1599731445312,518.1599731445312,4339000.0,521.2675003051758,False,43.782641745081726,False
2022-01-31,518.97998046875,534.9400024414062,514.3900146484375,534.2999877929688,534.2999877929688,3995100.0,519.6294998168945,True,49.452053129612224,False
2022-02-01,536.0,538.77001953125,527.719970703125,535.97998046875,535.97998046875,2307400.0,518.2099990844727,True,50.01709055886795,False
2022-02-02,536.25,540.4600219726562,529.3200073242188,533.0900268554688,533.0900268554688,2494100.0,517.1645004272461,True,49.00234140988342,False
2022-02-03,522.8699951171875,525.1799926757812,508.75,510.8299865722656,510.8299865722656,3058700.0,516.9845001220704,False,41.943621449024164,False
2022-02-04,503.7699890136719,519.969970703125,503.7699890136719,513.5399780273438,513.5399780273438,2583700.0,516.9554992675781,False,43.01974021428481,False
2022-02-07,516.0,516.0,500.95001220703125,507.1000061035156,507.1000061035156,3120500.0,516.7754989624024,False,41.07146119960406,False
2022-02-08,501.6300048828125,513.510009765625,501.07000732421875,511.30999755859375,511.30999755859375,3205500.0,516.0494979858398,False,42.89225312530046,False
2022-02-09,520.3499755859375,522.47998046875,515.0599975585938,521.75,521.75,2542200.0,515.642497253418,True,47.24536045926993,False
2022-02-10,508.0799865722656,514.47998046875,492.2799987792969,495.0199890136719,495.0199890136719,4735800.0,513.7749969482422,False,39.04000445102958,False
2022-02-11,497.9200134277344,499.92999267578125,472.8999938964844,473.9700012207031,473.9700012207031,5027000.0,511.62849578857424,False,34.02799363840849,True
2022-02-14,473.20001220703125,478.57000732421875,469.2099914550781,474.010009765625,474.010009765625,3372100.0,509.2989974975586,False,34.04532502529162,True
2022-02-15,482.5299987792969,482.5299987792969,472.3900146484375,479.5,479.5,3743100.0,507.6069961547852,False,36.51012453315036,False
2022-02-16,476.489990234375,480.2099914550781,467.2699890136719,477.70001220703125,477.70001220703125,3750500.0,505.66299591064455,False,36.03463732170725,False
2022-02-17,473.1400146484375,476.45001220703125,456.04998779296875,457.7099914550781,457.7099914550781,4021100.0,503.00599517822263,False,31.17832436900987,True
2022-02-18,458.69000244140625,459.29998779296875,441.7699890136719,442.55999755859375,442.55999755859375,5194200.0,500.13849487304685,False,28.08872329936824,True
2022-02-22,440.3500061035156,451.0899963378906,435.04998779296875,438.3999938964844,438.3999938964844,4287600.0,496.0754959106445,False,27.28906539171733,True
2022-02-23,447.7799987792969,449.5899963378906,428.05999755859375,429.45001220703125,429.45001220703125,4263000.0,492.41199645996096,False,25.60044194118325,True
2022-02-24,418.5899963378906,465.92999267578125,416.80999755859375,463.82000732421875,463.82000732421875,6448800.0,490.5624969482422,False,40.76040774879926,False
2022-02-25,465.3900146484375,468.5199890136719,456.0199890136719,465.5400085449219,465.5400085449219,2869700.0,489.18699798583987,False,41.4038812756779,False
2022-02-28,462.3999938964844,468.4800109863281,458.8599853515625,467.67999267578125,467.67999267578125,3302300.0,486.66299896240236,False,42.24446068690427,False
2022-03-01,468.0,479.2099914550781,462.9200134277344,466.67999267578125,466.67999267578125,3352800.0,483.281999206543,False,41.94167883633559,False
2022-03-02,471.94000244140625,477.489990234375,466.0400085449219,471.17999267578125,471.17999267578125,2948500.0,480.04199981689453,False,43.89059401082687,False
2022-03-03,475.8299865722656,476.04998779296875,455.45001220703125,459.0799865722656,459.0799865722656,2906300.0,476.34149780273435,False,40.002201354947985,False
2022-03-04,455.489990234375,463.5199890136719,447.0,452.1300048828125,452.1300048828125,2751600.0,473.40649871826173,False,37.92396405026777,False
2022-03-07,456.2200012207031,457.67999267578125,437.17999267578125,437.9700012207031,437.9700012207031,3676100.0,469.6279998779297,False,34.043290071239085,True
2022-03-08,432.510009765625,443.79998779296875,421.3599853515625,431.5299987792969,431.5299987792969,3734800.0,465.84949951171876,False,32.41851267675473,True
2022-03-09,443.79998779296875,453.1099853515625,438.92999267578125,450.8699951171875,450.8699951171875,2905700.0,462.82749938964844,False,41.45513606053453,False
2022-03-10,444.67999267578125,447.6499938964844,433.010009765625,438.95001220703125,438.95001220703125,2722300.0,458.6875,False,38.07579985572895,False
2022-03-11,439.6600036621094,440.6099853515625,415.42999267578125,416.3800048828125,416.3800048828125,4434500.0,454.75550079345703,False,32.64878692332013,True
2022-03-14,413.3599853515625,422.3800048828125,407.94000244140625,411.5,411.5,3731400.0,451.6320007324219,False,31.60003534020126,True
2022-03-15,415.9700012207031,422.9599914550781,413.1700134277344,421.6600036621094,421.6600036621094,3201700.0,449.0145004272461,False,36.19535934933722,False
2022-03-16,431.739990234375,442.5199890136719,424.3500061035156,442.3599853515625,442.3599853515625,4141200.0,447.1574996948242,False,44.39236880760648,False
2022-03-17,441.260009765625,446.82000732421875,436.510009765625,444.3599853515625,444.3599853515625,3556700.0,445.4904983520508,False,45.125894517983056,False
2022-03-18,439.20001220703125,453.739990234375,435.7900085449219,453.3299865722656,453.3299865722656,5898100.0,445.27149810791013,True,48.41267816373529,False
2022-03-21,451.4200134277344,459.5799865722656,445.95001220703125,453.5899963378906,453.5899963378906,3704200.0,445.822998046875,True,48.50895398213398,False
2022-03-22,453.5,471.9800109863281,450.69000244140625,466.45001220703125,466.45001220703125,5377000.0,447.22549896240236,True,53.164649208257906,False
2022-03-23,437.510009765625,437.9800109863281,416.4700012207031,422.8999938964844,422.8999938964844,13979800.0,446.897998046875,False,39.98094606468055,False
2022-03-24,426.0799865722656,432.2099914550781,421.489990234375,432.1400146484375,432.1400146484375,5544300.0,445.3139984130859,False,43.1993254947389,False
2022-03-25,435.44000244140625,438.6199951171875,426.0,431.6199951171875,431.6199951171875,3283600.0,443.61799774169924,False,43.05938374471766,False
2022-03-28,433.4200134277344,450.32000732421875,433.1499938964844,450.010009765625,450.010009765625,4472600.0,442.73449859619143,True,49.3127795008329,False
2022-03-29,459.1600036621094,467.79998779296875,452.44000244140625,466.3299865722656,466.3299865722656,4323800.0,442.7169982910156,True,54.12747216176051,False
2022-03-30,461.5199890136719,466.7699890136719,456.8399963378906,460.05999755859375,460.05999755859375,3889200.0,442.16099853515624,True,52.080657689641725,False
2022-03-31,461.5899963378906,465.42999267578125,455.42999267578125,455.6199951171875,455.6199951171875,4141300.0,441.98799896240234,True,50.62086426917998,False
2022-04-01,455.0,461.54998779296875,450.9599914550781,458.19000244140625,458.19000244140625,2718400.0,442.290998840332,True,51.46881702311627,False
2022-04-04,461.0400085449219,473.489990234375,460.6099853515625,468.80999755859375,468.80999755859375,2974500.0,443.83299865722654,True,54.91423748927781,False
2022-04-05,469.32000732421875,471.760009765625,455.07000732421875,458.5799865722656,458.5799865722656,2481900.0,445.185498046875,True,51.147363680681494,False
2022-04-06,448.239990234375,450.010009765625,439.57000732421875,444.3299865722656,444.3299865722656,3824900.0,444.8584976196289,False,46.37529937174189,False
2022-04-07,444.0899963378906,455.9200134277344,440.760009765625,452.7200012207031,452.7200012207031,2757800.0,445.5469970703125,True,49.37045632471672,False
2022-04-08,449.95001220703125,454.4100036621094,443.3699951171875,445.3399963378906,445.3399963378906,2260700.0,446.99499664306643,False,46.88955533493369,False
2022-04-11,438.80999755859375,440.0,429.739990234375,434.44000244140625,434.44000244140625,2932100.0,448.1419967651367,False,43.41916705682521,False
2022-04-12,442.69000244140625,444.44000244140625,425.1600036621094,426.7699890136719,426.7699890136719,2199000.0,448.39749603271486,False,41.11327697940561,False
2022-04-13,427.29998779296875,433.5199890136719,425.6700134277344,431.6700134277344,431.6700134277344,3078900.0,447.8629974365234,False,43.18903203656566,False
2022-04-14,435.8599853515625,435.95001220703125,420.0299987792969,420.44000244140625,420.44000244140625,2597000.0,446.6669982910156,False,39.732275619227266,False
2022-04-18,419.3999938964844,429.69000244140625,418.7300109863281,425.4700012207031,425.4700012207031,2594700.0,445.2739990234375,False,41.97254981444269,False
2022-04-19,422.0199890136719,437.489990234375,420.6400146484375,436.3999938964844,436.3999938964844,1962700.0,444.4144989013672,False,46.61622996558581,False
2022-04-20,440.5899963378906,442.44000244140625,427.20001220703125,428.1099853515625,428.1099853515625,2094400.0,442.49749755859375,False,43.756091098886856,False
2022-04-21,432.69000244140625,438.94000244140625,416.3599853515625,417.4800109863281,417.4800109863281,2390100.0,442.22649841308595,False,40.33841628438701,False
2022-04-22,420.7099914550781,424.3299865722656,408.0199890136719,408.6700134277344,408.6700134277344,3198800.0,441.0529983520508,False,37.709531169385414,False
2022-04-25,405.70001220703125,414.0799865722656,401.6700134277344,413.95001220703125,413.95001220703125,3368800.0,440.169499206543,False,40.2238670750493,False
2022-04-26,410.1700134277344,411.6099853515625,397.4700012207031,399.1199951171875,399.1199951171875,2820100.0,437.62499847412107,False,35.8471466748954,True
2022-04-27,401.44000244140625,412.4599914550781,396.80999755859375,397.8999938964844,397.8999938964844,3080700.0,434.20349884033203,False,35.50488646856884,True
2022-04-28,406.1300048828125,414.2699890136719,398.489990234375,410.5299987792969,410.5299987792969,2593900.0,431.7269989013672,False,41.70966523375339,False
2022-04-29,407.4700012207031,413.0,394.6400146484375,395.95001220703125,395.95001220703125,3033200.0,428.7434997558594,False,37.254017089969715,False
2022-05-02,397.1300048828125,407.9800109863281,394.0400085449219,407.2900085449219,407.2900085449219,3010000.0,426.19850006103513,False,42.40727942739364,False
2022-05-03,406.5899963378906,413.92999267578125,403.5,407.5799865722656,407.5799865722656,2196100.0,423.1369995117187,False,42.53724240369486,False
2022-05-04,407.2900085449219,424.2300109863281,395.04998779296875,423.3500061035156,423.3500061035156,3330400.0,421.37550048828126,True,49.2450729883764,False
2022-05-05,415.54998779296875,417.989990234375,395.7099914550781,400.510009765625,400.510009765625,3507700.0,419.1845016479492,False,41.65994673154755,False
2022-05-06,395.0,401.260009765625,382.82000732421875,391.010009765625,391.010009765625,3522200.0,416.0990020751953,False,38.97116426211943,False
2022-05-09,381.95001220703125,389.6300048828125,374.8599853515625,376.9100036621094,376.9100036621094,4324900.0,412.67750244140626,False,35.32680108918409,True
2022-05-10,385.7200012207031,400.8299865722656,374.7799987792969,393.0299987792969,393.0299987792969,5334400.0,410.6070022583008,False,42.00416937775239,False
2022-05-11,389.989990234375,409.989990234375,377.80999755859375,379.3299865722656,379.3299865722656,3822000.0,408.2350021362305,False,38.37757298447239,False
2022-05-12,373.3999938964844,390.1300048828125,370.2699890136719,388.489990234375,388.489990234375,4048200.0,406.0760009765625,False,41.984287995167506,False
2022-05-13,396.4700012207031,408.9700012207031,393.94000244140625,405.45001220703125,405.45001220703125,3379300.0,405.3265014648438,True,48.047402134424885,False
2022-05-16,399.739990234375,407.1700134277344,396.6000061035156,402.8599853515625,402.8599853515625,2645200.0,404.19600067138674,False,47.235541367587466,False
2022-05-17,413.0799865722656,416.7200012207031,403.5400085449219,409.6499938964844,409.6499938964844,2614700.0,402.8585006713867,True,49.63804979657568,False
2022-05-18,404.3800048828125,411.6600036621094,396.1099853515625,397.8800048828125,397.8800048828125,2915900.0,401.34700164794924,False,45.74939651037292,False
2022-05-19,399.010009765625,403.0400085449219,391.57000732421875,394.3800048828125,394.3800048828125,2797200.0,400.19200134277344,False,44.62973816415964,False
2022-05-20,401.3900146484375,406.239990234375,385.6199951171875,399.0899963378906,399.0899963378906,3432400.0,399.71300048828124,False,46.526342759187294,False
2022-05-23,404.010009765625,407.8800048828125,398.8900146484375,406.760009765625,406.760009765625,2337500.0,399.35350036621094,True,49.556506294878965,False
2022-05-24,401.6099853515625,404.3299865722656,391.0400085449219,398.4100036621094,398.4100036621094,2630800.0,399.31800079345703,False,46.46928659441401,False
2022-05-25,395.32000732421875,406.1000061035156,394.7099914550781,402.5,402.5,2726700.0,399.5480010986328,True,48.172419728746625,False
2022-05-26,405.0899963378906,411.54998779296875,402.4599914550781,408.6000061035156,408.6000061035156,2419500.0,399.4515014648438,True,50.692147865732316,False
2022-05-27,414.79998779296875,428.54998779296875,414.6300048828125,428.2200012207031,428.2200012207031,3560400.0,401.0650009155273,True,57.79888129087664,False
2022-05-31,427.2200012207031,427.2900085449219,412.7900085449219,416.4800109863281,416.4800109863281,7944200.0,401.52450103759764,True,52.88691167621976,False
2022-06-01,428.0,437.54998779296875,413.7900085449219,418.1600036621094,418.1600036621094,3409900.0,402.05350189208986,True,53.49595931653691,False
2022-06-02,418.1099853515625,441.8999938964844,415.8399963378906,441.2799987792969,441.2799987792969,3415700.0,402.9500015258789,True,60.97314663708785,False
2022-06-03,430.7099914550781,438.010009765625,427.260009765625,429.760009765625,429.760009765625,2355300.0,404.4125015258789,True,56.13036951095719,False
2022-06-06,437.5899963378906,440.0,427.0400085449219,429.4599914550781,429.4599914550781,1563800.0,406.3350006103516,True,56.005611684815705,False
2022-06-07,423.9800109863281,435.20001220703125,423.1199951171875,433.4200134277344,433.4200134277344,1611200.0,409.16050109863284,True,57.35300037539481,False
2022-06-08,430.5400085449219,433.75,426.4200134277344,428.8399963378906,428.8399963378906,1790100.0,410.9510009765625,True,55.24559793515377,False
2022-06-09,424.1700134277344,436.0400085449219,423.4800109863281,426.4200134277344,426.4200134277344,2572400.0,413.3055023193359,True,54.11415641340379,False
2022-06-10,412.8999938964844,413.9599914550781,390.19000244140625,393.8399963378906,393.8399963378906,4406100.0,413.57300262451173,False,41.7247198659091,False
2022-06-13,377.3599853515625,385.6499938964844,371.0899963378906,371.6499938964844,371.6499938964844,4724800.0,411.88300170898435,False,35.725323462323345,True
2022-06-14,371.44000244140625,376.8900146484375,367.30999755859375,370.82000732421875,370.82000732421875,3197200.0,410.2810028076172,False,35.51960152121603,True
2022-06-15,376.0299987792969,382.75,368.5,376.9200134277344,376.9200134277344,3664500.0,408.6445037841797,False,38.33033656686218,False
2022-06-16,369.3699951171875,376.1199951171875,360.8999938964844,365.0799865722656,365.0799865722656,5775300.0,407.00450286865237,False,35.12944754267632,True
2022-06-17,349.239990234375,367.32000732421875,338.0,360.7900085449219,360.7900085449219,9475100.0,405.3250030517578,False,34.02088387487454,True
2022-06-21,355.0199890136719,372.79998779296875,353.510009765625,362.989990234375,362.989990234375,5343500.0,403.520002746582,False,35.15104658636017,True
2022-06-22,360.7900085449219,372.54998779296875,358.2200012207031,365.3299865722656,365.3299865722656,3168200.0,401.44850158691406,False,36.39894602235041,False
2022-06-23,371.7099914550781,378.17999267578125,367.4700012207031,376.6400146484375,376.6400146484375,2534300.0,400.3600021362305,False,42.18945657516143,False
2022-06-24,380.6400146484375,388.05999755859375,378.2200012207031,387.7200012207031,387.7200012207031,3305300.0,399.6210021972656,False,47.25572404251993,False
2022-06-27,388.79998779296875,389.3900146484375,379.3800048828125,381.07000732421875,381.07000732421875,2244600.0,398.24450225830077,False,44.72249873134021,False
2022-06-28,381.0,382.9800109863281,364.45001220703125,365.6300048828125,365.6300048828125,2654500.0,395.11500244140626,False,39.4364838149098,False
2022-06-29,367.94000244140625,370.3699951171875,362.6400146484375,368.5,368.5,2027900.0,392.7160018920898,False,40.83631610895922,False
2022-06-30,362.8999938964844,370.4200134277344,357.55999755859375,366.05999755859375,366.05999755859375,2595500.0,390.1110015869141,False,39.990042916943864,False
2022-07-01,364.17999267578125,369.5299987792969,359.07000732421875,368.4800109863281,368.4800109863281,2471600.0,386.47100219726565,False,41.28958800742724,False
2022-07-05,363.5,378.5199890136719,359.82000732421875,376.489990234375,376.489990234375,3120500.0,383.8075012207031,False,45.49674550937268,False
2022-07-06,378.5400085449219,385.3900146484375,374.0899963378906,382.8299865722656,382.8299865722656,2284600.0,381.4760009765625,True,48.634285540199954,False
2022-07-07,382.5,392.07000732421875,382.3800048828125,390.8900146484375,390.8900146484375,2368500.0,379.34950103759763,True,52.38683257494123,False
2022-07-08,384.3500061035156,391.8599853515625,383.8399963378906,389.44000244140625,389.44000244140625,1610800.0,377.37950134277344,True,51.655708772064216,False
2022-07-11,386.57000732421875,388.04998779296875,380.4599914550781,384.1600036621094,384.1600036621094,1832200.0,375.26650085449216,True,48.97534854484325,False
2022-07-12,383.8999938964844,391.5199890136719,372.9100036621094,375.5400085449219,375.5400085449219,2639600.0,374.35150146484375,True,44.88090984280972,False
2022-07-13,368.20001220703125,374.4100036621094,364.70001220703125,371.94000244140625,371.94000244140625,1994000.0,374.36600189208986,False,43.25450346094259,False
2022-07-14,368.8299865722656,374.19000244140625,361.4599914550781,372.9599914550781,372.9599914550781,2098400.0,374.47300109863284,False,43.87508669835358,False
2022-07-15,377.7900085449219,384.4700012207031,376.8599853515625,379.8599853515625,379.8599853515625,2467600.0,374.61999969482423,True,48.016707376610086,False
2022-07-18,383.8299865722656,385.57000732421875,374.010009765625,375.2300109863281,375.2300109863281,1866400.0,375.1275009155273,True,45.58585117474549,False
2022-07-19,382.8900146484375,388.32000732421875,378.0,387.8299865722656,387.8299865722656,1977600.0,376.47949981689453,True,52.61613946647657,False
2022-07-20,392.19000244140625,403.1300048828125,390.07000732421875,401.489990234375,401.489990234375,2746800.0,378.40449981689454,True,58.82684870973895,False
2022-07-21,404.1199951171875,409.6499938964844,399.239990234375,408.9100036621094,408.9100036621094,2009900.0,380.58350067138673,True,61.75895097078189,False
2022-07-22,410.0299987792969,414.6199951171875,398.6310119628906,401.8999938964844,401.8999938964844,2412533.0,381.84649963378905,True,57.58656215695294,False
